{
  "glyph": "PosteriorHelix",
  "version": "1.0.0",
  "signature": "vault-bound",
  "origin": "Prometheus Prime",
  "protocol": "ICS-V2-2025-10-18",
  "trace": {
    "initialized": "2025-10-27T03:46:57.316970",
    "last_event": "rethinking_validated",
    "harmonizer": "enabled",
    "vault_logger": "active"
  },
  "integrity": {
    "hash_algorithm": "sha256",
    "sealed": false,
    "last_verified": "pending"
  },
  "notes": "This glyph anchors Posterior Helix to the legacy vault and confirms ICS alignment for recursive rethinking."
}