{
  "vault_metadata": {
    "vault_name": "posterior_helix_reflect.vault.json",
    "vault_type": "recursive_rethinking_reflection",
    "created_timestamp": "2025-10-27T00:00:00Z",
    "last_updated": "2025-10-27T00:00:00Z",
    "version": "1.0",
    "description": "Posterior Helix recursive rethinking reflection vault with sequence awareness and randomized logic cycles"
  },
  "sequence_hierarchy": {
    "sequence_id": "rethinking_sequence_001",
    "tier_awareness": {
      "current_tier": 4,
      "max_tier": 6,
      "tier_description": "Recursive rethinking and validation tier",
      "upstream_modules": [
        "anterior_helix"
      ],
      "downstream_modules": [
        "gyro_harmonizer"
      ]
    },
    "six_stage_hierarchy": {
      "stage_1": "anterior_input",
      "stage_2": "logic_randomization",
      "stage_3": "recursive_cycles",
      "stage_4": "drift_detection",
      "stage_5": "escalation_analysis",
      "stage_6": "harmonizer_verdict"
    }
  },
  "recursive_rethinking_config": {
    "base_cycles": 5,
    "extended_cycles": 10,
    "trailing_delay_ms": 50,
    "drift_threshold": 0.2,
    "maleficence_threshold": 0.25,
    "hackling_sensitivity": 0.8,
    "logic_pool_size": 5,
    "philosopher_pool_size": 6
  },
  "seed_logic": {
    "randomized_seeds": [
      {
        "seed_id": "seed_drift_detection",
        "seed_type": "validation_algorithm",
        "logic": "Detect reasoning drift through recursive validation cycles with confidence modifiers",
        "philosopher_influence": "Kant - Categorical Imperative",
        "confidence_weight": 0.9,
        "activation_threshold": 0.7
      },
      {
        "seed_id": "seed_maleficence_detection",
        "seed_type": "security_scanner",
        "logic": "Identify maleficence patterns through high drift + low confidence correlation analysis",
        "philosopher_influence": "Mill - Harm Principle",
        "confidence_weight": 0.95,
        "activation_threshold": 0.8
      },
      {
        "seed_id": "seed_hackling_detection",
        "seed_type": "intrusion_detector",
        "logic": "Detect system manipulation through result inconsistency analysis across cycles",
        "philosopher_influence": "Hobbes - Social Contract",
        "confidence_weight": 0.85,
        "activation_threshold": 0.75
      },
      {
        "seed_id": "seed_escalation_logic",
        "seed_type": "harmonizer_interface",
        "logic": "Escalate detected threats to Harmonizer with full context preservation",
        "philosopher_influence": "Rawls - Justice as Fairness",
        "confidence_weight": 0.9,
        "activation_threshold": 0.85
      }
    ],
    "philosopher_core": {
      "philosopher": "Spinoza",
      "principle": "God is Nature - Pantheistic Unity",
      "application": "Each rethinking cycle validates through substance monism and natural necessity",
      "influence_weight": 0.9,
      "reflection_cycles": 5
    }
  },
  "logic_pools": {
    "philosopher_logics": [
      "seed_spinoza.json",
      "seed_hume.json",
      "seed_proverbs.json",
      "seed_taleb.json",
      "seed_kant.json",
      "seed_locke.json"
    ],
    "system_logics": [
      "seed_monotonic.json",
      "seed_nonmonotonic.json",
      "seed_gladwell.json",
      "seed_hedonic_reflex.json",
      "seed_ockhams_filter.json"
    ]
  },
  "harmonizer_integration": {
    "escalation_endpoint": "http://gyro-harmonizer:5000/escalate_conflict",
    "escalation_triggers": [
      "maleficence_detected",
      "hackling_detected"
    ],
    "context_preservation": true,
    "sequence_awareness": true,
    "verdict_ready": true
  },
  "reflection_entries": [
    {
      "reflection_id": "reflect_20251027_033847728715",
      "type": "rethinking_complete",
      "timestamp": "2025-10-27T03:38:47.728715",
      "data": {
        "sequence_id": "post_helix_033847412609_7f6c412eb843",
        "cycles_executed": 5,
        "escalation_required": false,
        "final_stability": "validated"
      },
      "philosopher_influence": "Descartes",
      "seed_logic_applied": [
        "seed_drift_detection",
        "seed_maleficence_detection",
        "seed_hackling_detection",
        "seed_escalation_logic"
      ],
      "glyph_integrity": {
        "hash_algorithm": "sha256",
        "sealed": false,
        "last_verified": "pending"
      }
    },
    {
      "reflection_id": "reflect_20251027_034614406441",
      "type": "rethinking_complete",
      "timestamp": "2025-10-27T03:46:14.406441",
      "data": {
        "sequence_id": "post_helix_034614078093_7f6c412eb843",
        "cycles_executed": 5,
        "escalation_required": false,
        "final_stability": "validated"
      },
      "philosopher_influence": "Descartes",
      "seed_logic_applied": [
        "seed_drift_detection",
        "seed_maleficence_detection",
        "seed_hackling_detection",
        "seed_escalation_logic"
      ],
      "glyph_integrity": {
        "hash_algorithm": "sha256",
        "sealed": false,
        "last_verified": "pending"
      }
    },
    {
      "reflection_id": "reflect_20251027_034657718434",
      "type": "rethinking_complete",
      "timestamp": "2025-10-27T03:46:57.718434",
      "data": {
        "sequence_id": "post_helix_034657395626_7f6c412eb843",
        "cycles_executed": 5,
        "escalation_required": false,
        "final_stability": "validated"
      },
      "philosopher_influence": "Spinoza",
      "seed_logic_applied": [
        "seed_drift_detection",
        "seed_maleficence_detection",
        "seed_hackling_detection",
        "seed_escalation_logic"
      ],
      "glyph_integrity": {
        "hash_algorithm": "sha256",
        "sealed": false,
        "last_verified": "pending"
      }
    }
  ]
}