{
  "$schema": "https://schemas.seedvault.org/core/v1.1.0",
  "vault_name": "SeedVault_Inductive_Resonator",
  "vault_id": "seed_inductive_resonator",
  "version": "1.1.0",
  "category": "Logic",
  "type": "seed",
  "license": "CC0-1.0",
  "generated": "2025-10-18T00:00:00Z",
  "compatibility": "backward-compatible",
  "description": "Slow, accumulative, generalizing logic for pattern recognition and probabilistic reasoning from observations",
  "author": "Bryan A. Spruk",
  "reasoning_type": "inductive",
  "immutable": true,
  "index": {
    "inductive_reasoning": "logic:inductive_reasoning",
    "pattern_recognition": "logic:pattern_recognition",
    "generalization": "logic:generalization",
    "confidence_scoring": "logic:confidence_scoring"
  },
  "entries": [
    {
      "id": "logic:inductive_reasoning",
      "term": "Inductive Reasoning",
      "type": "method",
      "definition": "Reasoning from specific observations to general conclusions. Involves pattern recognition, generalization, and probabilistic inference.",
      "source_id": "WD:Q201986",
      "reference_urls": ["https://en.wikipedia.org/wiki/Inductive_reasoning"],
      "examples": ["Observing white swans leads to 'all swans are white'", "Repeated coin flips suggest fairness"],
      "related_ids": ["logic:deductive_reasoning", "logic:abductive_reasoning"]
    },
    {
      "id": "logic:pattern_recognition",
      "term": "Pattern Recognition",
      "type": "process",
      "definition": "The process of identifying regularities and patterns in data through repeated observations and statistical analysis.",
      "value": {
        "methods": ["frequency_analysis", "correlation_detection", "trend_identification"],
        "thresholds": {"minimum_observations": 3, "confidence_threshold": 0.7}
      },
      "source_id": "WD:Q378412",
      "reference_urls": ["https://en.wikipedia.org/wiki/Pattern_recognition"],
      "examples": ["Recognizing seasonal weather patterns", "Identifying user behavior trends"],
      "related_ids": ["logic:generalization", "logic:statistical_inference"]
    },
    {
      "id": "logic:generalization",
      "term": "Generalization",
      "type": "operation",
      "definition": "The process of forming general conclusions from specific instances, with associated confidence levels based on observation frequency.",
      "value": {
        "certainty_levels": {
          "high": {"confidence": 0.9, "observations": 10},
          "medium": {"confidence": 0.7, "observations": 5},
          "low": {"confidence": 0.5, "observations": 3}
        },
        "decay_factor": 0.95
      },
      "source_id": "WD:Q210163",
      "reference_urls": ["https://en.wikipedia.org/wiki/Generalization"],
      "examples": ["Generalizing from sample to population", "Forming habits from repeated behaviors"],
      "related_ids": ["logic:inductive_reasoning", "logic:confidence_scoring"]
    },
    {
      "id": "logic:confidence_scoring",
      "term": "Confidence Scoring",
      "type": "metric",
      "definition": "Quantitative measure of certainty in inductive conclusions, based on observation frequency, consistency, and recency.",
      "value": {
        "calculation": "confidence = (observations / threshold) * decay_factor^time_since_last",
        "range": [0.0, 1.0],
        "interpretation": {"high": ">0.8", "medium": "0.5-0.8", "low": "<0.5"}
      },
      "source_id": "WD:Q170141",
      "reference_urls": ["https://en.wikipedia.org/wiki/Confidence_interval"],
      "examples": ["High confidence in daily sunrise", "Low confidence in rare events"],
      "related_ids": ["logic:probability", "logic:statistical_significance"]
    }
  ],
  "learning_principles": [
    "Knowledge builds gradually through accumulation of observations.",
    "Patterns emerge from repeated instances over time.",
    "Confidence increases with observation frequency and consistency.",
    "Generalizations are probabilistic, not certain.",
    "Recent observations carry more weight than older ones."
  ],
  "parameters": {
    "pattern_threshold": 3,
    "confidence_decay": 0.95,
    "max_observations": 1000,
    "certainty_levels": {
      "high": {"confidence": 0.9, "observations": 10},
      "medium": {"confidence": 0.7, "observations": 5},
      "low": {"confidence": 0.5, "observations": 3}
    }
  },
  "logic_framework": {
    "method": "generalization_from_observations",
    "approach": "slow_accumulative",
    "output_type": "pattern_insights",
    "characteristics": ["temporal_decay", "confidence_scoring", "threshold_based_generalization"]
  },
  "operations": {
    "observe": {
      "description": "Record event observation and update patterns",
      "input": {"event": "string", "context": "object"},
      "output": {"status": "observation_recorded", "current_count": "integer", "patterns_updated": "array"}
    },
    "express_induction": {
      "description": "Output current inductive insights and generalizations",
      "input": {"confidence_threshold": "float"},
      "output": {"insights": "array", "summary": "string", "certainty_distribution": "object"}
    },
    "pattern_analysis": {
      "description": "Analyze observation patterns for trends and correlations",
      "input": {"observation_set": "array", "analysis_type": "string"},
      "output": {"patterns": "array", "correlations": "object", "confidence_scores": "object"}
    },
    "generalization_update": {
      "description": "Update generalization confidence based on new observations",
      "input": {"generalization": "string", "new_observation": "object"},
      "output": {"updated_confidence": "float", "stability_assessment": "string"}
    }
  },
  "integration": {
    "compatible_modules": ["pattern_recognizer", "statistical_analyzer", "trend_detector"],
    "input_sources": ["observation_streams", "event_logs", "sensor_data", "user_interactions"],
    "output_destinations": ["decision_engine", "prediction_system", "anomaly_detector"]
  },
  "performance_metrics": {
    "pattern_detection_accuracy": "adaptive",
    "generalization_speed": "slow",
    "confidence_calibration": "statistical",
    "false_positive_rate": "configurable",
    "temporal_adaptability": "high"
  },
  "access_control": {
    "mutable": false,
    "curator": "Bryan A. Spruk",
    "authorized_editors": ["Bryan A. Spruk"],
    "hash": "sha256:d42ba0e93cb7bf0196a1986eb0d2963027ed82201c2c7b0087ba7431a75d59fc"
  }
}