{
  "vault_id": "seed_ockhams_filter_v1",
  "source": "Bryan A Spruk",
  "added_by": "Bryan A Spruk",
  "timestamp": "2025-08-17T16:12:00-05:00",
  "version": "1.0",
  "axioms": [
    {
      "phrase": "simplest sufficient cause",
      "weight": 1.5,
      "explanation": "Prefer the explanation that requires the fewest assumptions while still accounting for all observed phenomena."
    },
    {
      "phrase": "non-redundant logic",
      "weight": 1.2,
      "explanation": "Eliminate steps that do not contribute to the outcome or introduce unnecessary complexity."
    },
    {
      "phrase": "minimal viable inference",
      "weight": 1.3,
      "explanation": "Select the smallest set of premises that still yield the intended conclusion."
    }
  ],
  "paradoxes": [
    {
      "trigger": "liar paradox",
      "bonus": 2.0,
      "explanation": "A statement that refers to itself in a way that creates a contradiction, e.g., 'This statement is false.'"
    },
    {
      "trigger": "ship of theseus",
      "bonus": 1.8,
      "explanation": "Explores whether an object that has had all its components replaced remains fundamentally the same object."
    },
    {
      "trigger": "barber paradox",
      "bonus": 1.7,
      "explanation": "A logical inconsistency arising from self-reference: the barber shaves everyone who does not shave themselves—does he shave himself?"
    },
    {
      "trigger": "zeno's arrow",
      "bonus": 1.6,
      "explanation": "Challenges motion by arguing that an arrow in flight is motionless at any single instant in time."
    },
    {
      "trigger": "newcomb's problem",
      "bonus": 1.9,
      "explanation": "A decision theory paradox involving prediction, free will, and expected utility."
    },
    {
      "trigger": "raven paradox",
      "bonus": 1.6,
      "explanation": "Observing a non-black non-raven (e.g., a green apple) supports the hypothesis that all ravens are black—challenging intuitive logic."
    },
    {
      "trigger": "sorites paradox",
      "bonus": 1.5,
      "explanation": "If removing one grain from a heap still leaves a heap, when does it stop being a heap? Tests vague predicates and boundary logic."
    },
    {
      "trigger": "bootstrap paradox",
      "bonus": 1.8,
      "explanation": "An object or information is sent back in time and becomes the cause of itself—raising questions about origin and causality."
    },
    {
      "trigger": "omnipotence paradox",
      "bonus": 2.1,
      "explanation": "Can an omnipotent being create a stone so heavy that it cannot lift it? Challenges the coherence of absolute power."
    },
    {
      "trigger": "unexpected hanging paradox",
      "bonus": 2.0,
      "explanation": "A prisoner is told he will be hanged unexpectedly, but logical deduction seems to prevent the surprise—yet the execution still surprises him."
    }
  ]
}
